"","SRR13535277","SRR13535279","SRR13535281","SRR13535283","SRR13535285","SRR13535287","SRR13535289","SRR13535291","SRR13535293","SRR13535295","SRR13535297","SRR13535299","SRR13535301","SRR13535303","SRR13535305","SRR13535307","SRR13535309","SRR13535311"
"mmu-let-7a-1-3p",71,276,32,109,122,39,74,158,29,213,19,16,0,1,27,89,108,381
"mmu-let-7a-5p",844,4830,609,477,2290,1895,1218,6518,4241,1942,9,398,4018,432,399,1015,3399,5013
"mmu-let-7b-3p",63,359,105,104,183,77,181,361,137,292,15,40,0,0,29,98,53,191
"mmu-let-7b-5p",192,2786,142,580,953,562,667,3443,3844,726,6,219,1377,296,373,230,693,1371
"mmu-let-7c-1-3p",0,0,0,0,0,3,2,0,0,0,0,0,0,0,0,0,0,0
"mmu-let-7c-2-3p",71,276,32,109,122,39,74,158,29,213,19,16,0,1,27,89,108,381
"mmu-let-7c-5p",1088,10500,755,1223,4485,2397,2406,14929,13393,3145,28,1098,11751,1729,1359,1483,6922,10682
"mmu-let-7d-3p",362,2540,585,590,1258,559,1285,2398,1602,1811,35,204,643,4,213,501,412,2331
"mmu-let-7d-5p",447,2728,147,185,1759,885,1051,3452,2199,2610,12,244,98,70,52,63,212,443
"mmu-let-7e-3p",9,131,50,50,23,9,32,17,17,49,0,4,0,0,4,23,44,336
"mmu-let-7e-5p",386,3380,358,342,1264,856,859,3019,3420,1329,5,237,2107,232,167,612,2334,2344
"mmu-let-7f-1-3p",0,22,0,0,4,0,0,0,4,0,0,0,0,0,0,0,0,0
"mmu-let-7f-2-3p",0,11,0,0,14,28,8,13,5,23,3,1,0,0,0,0,0,0
"mmu-let-7f-5p",2638,20281,1964,1983,10876,4832,5779,20882,6741,13261,79,1280,15092,1492,1807,5573,25816,43431
"mmu-let-7g-3p",3,0,0,7,0,0,0,1,0,0,0,1,0,0,0,0,0,0
"mmu-let-7g-5p",209,1892,185,151,1180,413,723,1462,552,1213,9,138,919,84,114,209,519,1317
"mmu-let-7i-3p",0,33,0,9,12,9,6,30,3,14,0,0,0,0,2,0,57,0
"mmu-let-7i-5p",1602,10652,689,1210,8886,3212,4488,14247,4907,11729,57,1406,15210,2939,1119,2866,20827,42803
"mmu-let-7j",487,2448,221,379,1594,801,1174,2135,938,2898,17,312,2233,661,279,667,3123,6767
"mmu-miR-100-3p",5,1,0,0,0,0,0,5,0,0,0,0,0,0,0,0,0,0
"mmu-miR-100-5p",1829,29347,3382,4458,11772,3251,9083,13335,11670,17892,698,938,22192,2021,1882,5159,18853,45604
"mmu-miR-101a-3p",305,1847,220,340,1046,519,677,1921,191,3186,57,151,969,269,233,1975,3136,8351
"mmu-miR-101a-5p",0,4,0,0,0,11,5,20,0,0,1,0,0,0,0,0,0,0
"mmu-miR-101b-3p",107,664,108,161,455,167,256,507,67,661,26,40,148,1,113,463,801,3766
"mmu-miR-101c",0,5,0,11,3,0,3,5,6,10,0,0,0,0,1,1,42,3
"mmu-miR-103-3p",433,2327,243,349,1903,826,1318,1772,1059,2599,71,207,3029,286,299,1309,4910,11844
"mmu-miR-106b-3p",28,196,7,6,127,45,107,206,78,149,8,9,84,0,8,32,78,181
"mmu-miR-106b-5p",7,105,19,19,65,16,47,133,7,118,4,2,1,44,9,0,0,220
"mmu-miR-107-3p",87,432,35,22,631,244,258,527,325,454,2,32,545,81,33,214,2175,1913
"mmu-miR-107-5p",0,0,0,0,0,0,0,0,0,0,0,0,0,0,0,0,0,67
"mmu-miR-10a-5p",76,197,42,120,406,82,194,92,477,338,10,22,0,205,44,418,1208,2669
"mmu-miR-10b-5p",140,546,245,343,968,325,390,183,1430,483,34,92,7149,3080,290,3477,17042,50550
"mmu-miR-1191a",0,0,0,0,3,0,2,0,0,0,0,0,0,0,0,0,0,0
"mmu-miR-1191b-5p",0,14,4,0,2,14,18,4,4,42,4,0,0,0,0,0,0,107
"mmu-miR-1194",2,9,0,0,0,0,9,0,0,0,0,0,0,0,0,0,0,0
"mmu-miR-1195",4,7,2,0,23,4,0,0,21,0,0,0,0,0,0,0,0,0
"mmu-miR-1198-5p",2,118,4,23,27,16,49,57,153,34,3,5,0,91,17,2,50,0
"mmu-miR-1199-3p",0,0,0,0,0,0,0,15,5,0,0,0,0,0,0,0,0,77
"mmu-miR-1199-5p",0,4,0,0,7,0,0,0,1,16,0,1,0,0,1,3,0,0
"mmu-miR-122-5p",0,8,0,0,0,0,0,0,2,0,0,0,0,0,0,5,0,0
"mmu-miR-1231-3p",0,0,0,0,0,11,0,7,9,7,0,0,0,0,0,0,0,0
"mmu-miR-1231-5p",0,1,0,0,0,0,0,0,0,0,0,0,0,0,0,0,0,73
"mmu-miR-1247-3p",0,0,0,0,0,0,0,0,0,0,0,0,0,0,0,0,47,0
"mmu-miR-1249-3p",31,342,206,87,144,82,151,441,25,186,13,31,0,48,22,27,1,132
"mmu-miR-1258-5p",0,5,0,0,2,0,0,4,0,0,0,0,0,0,0,0,0,0
"mmu-miR-125a-3p",6,142,19,17,52,27,36,99,30,123,6,3,0,0,1,48,0,93
"mmu-miR-125a-5p",19267,205193,32945,49140,72298,27012,79876,105810,76629,116883,7508,12481,4712,2964,5798,31321,36574,57685
"mmu-miR-125b-1-3p",542,5252,544,751,3399,1131,2238,3701,5050,5219,102,483,160,351,107,902,1798,2129
"mmu-miR-125b-2-3p",61,846,67,173,340,139,221,459,193,570,25,41,0,68,47,362,442,869
"mmu-miR-125b-5p",8460,101545,18116,23153,38224,12907,47430,51494,47912,69523,4124,5931,3302,2769,5161,20895,17985,47884
"mmu-miR-126a-3p",4,1,5,0,12,0,8,8,0,13,0,0,0,0,0,0,0,0
"mmu-miR-126a-5p",4,61,4,19,122,35,50,53,28,162,3,8,0,130,11,51,43,41
"mmu-miR-127-3p",25,74,36,23,297,85,118,74,494,158,0,9,1,0,13,166,72,490
"mmu-miR-127-5p",0,1,0,0,0,0,0,0,0,9,0,0,0,0,1,0,0,0
"mmu-miR-128-1-5p",7,4,0,26,8,4,20,0,10,0,0,1,0,0,2,19,0,0
"mmu-miR-128-3p",37,193,15,57,117,30,88,252,102,333,2,8,0,0,2,36,133,333
"mmu-miR-129-1-3p",1,0,0,0,0,0,0,0,0,0,0,0,0,0,0,0,0,0
"mmu-miR-129-2-3p",7,4,0,20,15,0,26,14,18,0,0,0,0,0,0,0,0,0
"mmu-miR-129-5p",0,6,9,13,4,0,10,0,25,24,0,0,0,0,1,0,0,0
"mmu-miR-1291",1,3,0,4,8,0,6,19,9,5,0,2,0,0,0,0,0,0
"mmu-miR-129b-3p",0,0,0,0,0,0,0,8,0,0,0,0,0,0,0,0,0,0
"mmu-miR-129b-5p",0,0,0,0,0,0,3,0,0,0,0,0,0,0,0,0,0,0
"mmu-miR-1306-3p",0,0,0,0,0,0,0,0,2,0,0,2,0,0,0,0,0,0
"mmu-miR-1306-5p",4,42,50,0,31,0,25,49,9,68,2,0,0,0,3,0,0,0
"mmu-miR-130a-3p",326,1695,201,406,1295,792,992,1744,845,2301,78,160,942,223,125,713,1788,2606
"mmu-miR-130a-5p",0,4,0,0,0,0,4,0,0,0,0,0,0,0,0,0,0,0
"mmu-miR-130b-3p",24,188,2,8,155,32,91,206,123,184,10,15,0,1,5,87,40,181
"mmu-miR-130b-5p",17,103,22,26,72,8,82,154,79,169,2,6,1,0,0,6,0,93
"mmu-miR-132-3p",9,53,0,12,65,31,33,58,58,27,0,6,0,0,6,1,0,110
"mmu-miR-132-5p",0,1,7,0,11,0,2,0,6,0,0,2,0,0,0,0,0,0
"mmu-miR-133a-3p",6,83,11,19,143,31,16,26,26,23,1,4,562,0,7,51,0,154
"mmu-miR-133b-3p",5,70,7,18,16,9,13,26,18,23,1,2,212,0,3,51,0,154
"mmu-miR-133b-5p",0,0,0,0,0,0,1,0,0,0,0,0,0,0,0,0,0,0
"mmu-miR-135a-5p",0,0,0,0,0,0,6,0,0,0,0,0,0,0,0,0,0,0
"mmu-miR-136-3p",0,0,0,0,11,0,1,0,0,0,4,0,0,0,0,0,0,0
"mmu-miR-138-1-3p",0,2,0,0,3,0,0,0,3,0,0,0,0,0,0,0,0,0
"mmu-miR-138-5p",0,1,0,0,13,12,0,0,10,18,0,0,0,0,2,2,0,0
"mmu-miR-139-3p",0,2,0,0,0,0,7,0,0,0,0,0,0,0,0,0,0,0
"mmu-miR-139-5p",0,10,0,0,3,0,9,0,21,15,0,0,0,0,5,0,0,0
"mmu-miR-140-3p",1028,9854,2126,2256,5554,2207,5758,10484,4143,10584,470,953,5090,2629,2695,11143,13240,113032
"mmu-miR-140-5p",26,150,77,63,97,10,163,288,77,183,14,37,0,0,58,25,79,1024
"mmu-miR-141-3p",11,11,0,0,1,0,8,18,5,14,0,2,0,0,1,0,0,0
"mmu-miR-142a-3p",0,0,0,0,4,0,6,0,9,11,0,1,0,0,2,0,0,0
"mmu-miR-142a-5p",6,45,20,11,78,61,19,39,41,96,0,6,0,0,10,24,62,77
"mmu-miR-143-3p",19754,272759,13530,18920,143989,37604,80173,232308,20526,244364,5607,12641,96842,18045,10145,126652,759488,392220
"mmu-miR-143-5p",0,68,0,47,33,0,19,94,30,44,5,1,0,1,0,0,0,0
"mmu-miR-144-3p",0,3,0,0,5,0,1,8,10,61,0,0,0,38,0,6,0,0
"mmu-miR-144-5p",4,0,0,0,0,0,0,0,0,19,0,0,0,74,0,0,0,0
"mmu-miR-145a-3p",106,1386,163,171,769,220,343,770,94,835,30,65,135,52,110,304,707,1757
"mmu-miR-145a-5p",81,824,264,270,289,135,561,368,303,384,164,414,0,155,159,866,975,686
"mmu-miR-145b",0,11,0,0,0,0,0,0,0,11,0,0,0,0,0,0,0,0
"mmu-miR-146a-3p",0,0,0,0,0,0,5,0,0,0,0,0,0,0,0,0,0,0
"mmu-miR-146a-5p",1087,7097,830,1932,6430,1759,4733,5257,1480,10147,186,692,6456,954,1230,6341,18881,59232
"mmu-miR-146b-3p",0,0,0,12,0,4,0,0,0,0,0,0,0,0,0,0,0,0
"mmu-miR-146b-5p",1393,5354,798,1797,5849,1969,3422,3434,971,5346,161,643,2753,734,1569,4943,4748,14331
"mmu-miR-147-3p",0,7,0,0,0,9,21,7,0,24,0,1,0,0,0,0,0,0
"mmu-miR-147-5p",0,0,0,0,0,0,0,0,0,0,0,1,0,0,0,0,0,0
"mmu-miR-148a-3p",1689,8232,1319,1953,4970,3115,4272,7872,1644,10982,231,808,4565,1779,2048,11345,20535,39077
"mmu-miR-148a-5p",7,64,12,0,16,8,14,75,22,46,1,10,0,53,15,18,55,242
"mmu-miR-148b-3p",313,3501,571,845,1636,794,1208,1896,724,1803,53,231,5,91,167,534,892,1438
"mmu-miR-148b-5p",29,126,47,36,100,60,145,123,35,32,8,10,0,0,0,0,180,0
"mmu-miR-149-5p",476,3204,669,1429,2676,1150,2437,3561,2611,3741,172,319,222,71,248,347,212,1717
"mmu-miR-150-5p",0,4,0,16,8,12,6,0,82,30,0,1,0,0,0,0,0,0
"mmu-miR-151-3p",6134,65290,6883,8303,24001,8221,24606,38073,24483,33399,1429,4306,50159,12254,5222,43714,131859,192238
"mmu-miR-151-5p",1227,16697,993,1748,7716,2753,4836,10623,5296,9889,288,515,928,246,230,1548,4270,3606
"mmu-miR-152-3p",29,348,47,54,255,85,218,252,81,498,2,11,408,1,29,161,322,1094
"mmu-miR-152-5p",97,397,89,108,198,152,135,210,169,406,17,58,0,0,50,178,128,843
"mmu-miR-153-3p",38,186,50,24,164,51,153,281,0,172,3,30,0,1,35,104,122,88
"mmu-miR-154-5p",0,0,0,0,0,0,2,0,0,0,0,0,0,0,0,0,0,0
"mmu-miR-155-5p",20,128,19,0,38,10,70,157,6,16,1,10,975,0,8,14,1,0
"mmu-miR-15a-3p",1,11,0,0,2,8,1,26,3,0,0,0,0,0,0,0,0,0
"mmu-miR-15a-5p",48,252,53,53,240,100,212,279,75,381,22,29,0,2,14,32,38,96
"mmu-miR-15b-3p",4,14,0,7,21,5,0,1,0,14,0,0,0,0,0,0,0,0
"mmu-miR-15b-5p",44,499,82,170,218,32,232,217,169,263,16,25,0,0,30,53,0,236
"mmu-miR-16-1-3p",0,4,0,0,0,0,0,0,0,10,0,0,0,0,0,0,0,0
"mmu-miR-16-2-3p",0,10,0,0,4,0,1,0,0,12,0,0,0,0,0,0,0,0
"mmu-miR-16-5p",2461,12924,1203,3488,13604,5125,9678,9216,2873,14322,362,599,2217,129,662,2435,4665,5313
"mmu-miR-1668",0,5,0,0,0,0,0,20,0,0,0,0,0,0,0,0,48,0
"mmu-miR-17-3p",13,34,0,1,21,32,10,30,3,84,5,9,0,0,0,6,0,35
"mmu-miR-17-5p",38,154,27,33,127,24,131,122,99,223,1,17,0,0,6,21,25,0
"mmu-miR-181a-1-3p",29,180,17,92,59,32,112,132,126,209,8,21,1,0,31,152,65,719
"mmu-miR-181a-5p",14452,74335,10573,13906,50372,21706,35450,51915,40107,86747,2386,7931,14181,4126,12137,38788,48806,120244
"mmu-miR-181b-1-3p",0,6,0,0,3,14,4,0,0,0,0,2,0,0,0,0,0,0
"mmu-miR-181b-5p",1346,6919,920,1128,4213,2329,3131,5357,4857,6990,136,917,6400,2041,985,2945,11456,21541
"mmu-miR-181c-3p",60,402,104,148,245,65,201,370,270,559,26,45,0,0,60,147,191,1294
"mmu-miR-181c-5p",1262,6815,832,1317,4026,2187,3590,5973,2643,9304,285,571,350,95,493,2733,1524,3680
"mmu-miR-181d-3p",0,12,2,0,5,9,8,58,3,6,0,0,0,0,1,0,0,0
"mmu-miR-181d-5p",351,2219,246,356,1235,916,1106,2544,1210,2234,39,276,3705,106,454,1155,3640,7921
"mmu-miR-182-3p",3,0,0,0,0,0,0,0,1,0,0,0,0,0,0,0,0,0
"mmu-miR-182-5p",4609,19521,2296,5149,11697,5170,11494,13368,13716,18903,750,1933,34460,6960,2258,17413,68337,95513
"mmu-miR-183-3p",10,19,0,19,18,0,19,22,13,63,0,0,0,0,1,22,0,0
"mmu-miR-183-5p",284,2034,220,406,1245,499,1299,1375,862,1920,98,118,2759,356,181,789,3444,3632
"mmu-miR-1839-3p",0,18,11,0,10,0,7,10,18,22,0,0,0,0,1,15,0,0
"mmu-miR-1839-5p",25,229,1,64,138,86,112,65,129,209,1,9,338,104,20,98,106,278
"mmu-miR-184-3p",0,10,7,11,11,0,3,0,0,0,0,0,0,0,0,10,58,123
"mmu-miR-1843a-3p",1,6,7,0,0,0,0,0,7,0,0,0,0,0,0,0,0,0
"mmu-miR-1843a-5p",26,189,11,9,144,50,95,198,37,209,4,10,0,74,11,100,619,1321
"mmu-miR-1843b-3p",33,199,8,18,97,68,120,154,155,255,12,11,0,1,8,54,218,199
"mmu-miR-1843b-5p",20,295,16,31,118,74,95,238,54,338,3,25,146,76,18,127,573,975
"mmu-miR-185-3p",2,13,0,0,8,0,3,21,0,11,1,0,0,0,0,10,0,0
"mmu-miR-185-5p",0,14,4,1,30,0,4,0,0,0,0,0,0,0,0,0,0,0
"mmu-miR-186-3p",0,5,0,0,0,0,0,0,0,0,0,0,0,0,1,0,0,0
"mmu-miR-186-5p",3165,11353,3487,4631,5608,3111,6182,8224,5431,9598,995,1737,1936,284,691,4462,4242,10334
"mmu-miR-187-3p",0,0,0,0,0,0,0,0,10,0,0,0,0,0,0,0,0,0
"mmu-miR-187-5p",0,0,0,0,0,0,7,0,0,0,0,0,0,0,0,0,0,0
"mmu-miR-188-3p",0,25,0,12,5,8,0,27,0,21,0,0,0,0,0,14,0,0
"mmu-miR-188-5p",4,37,3,0,8,12,21,13,13,32,3,6,0,0,3,0,0,0
"mmu-miR-1895",0,0,0,0,0,0,0,0,3,0,0,0,0,0,0,0,0,0
"mmu-miR-18a-3p",0,32,3,0,13,7,2,10,6,18,1,0,0,0,0,0,0,0
"mmu-miR-18a-5p",0,25,0,0,18,15,27,19,13,22,1,0,0,1,5,0,0,0
"mmu-miR-190a-3p",0,0,0,0,2,0,0,0,0,0,0,0,0,0,0,0,0,0
"mmu-miR-190a-5p",19,10,0,0,13,0,2,15,0,17,0,0,0,0,0,0,0,0
"mmu-miR-190b-3p",0,0,0,0,3,0,0,0,0,0,0,0,0,0,0,0,0,0
"mmu-miR-190b-5p",0,0,0,0,0,0,8,0,0,0,0,0,0,0,0,0,0,0
"mmu-miR-191-3p",7,25,0,10,8,10,13,61,18,0,1,0,0,0,0,18,0,113
"mmu-miR-191-5p",10406,100215,13625,19071,45337,16070,40449,42162,29340,53728,2581,5281,45846,9109,8090,33510,103734,197427
"mmu-miR-192-5p",285,1227,163,209,1069,535,723,1241,555,1322,27,112,231,89,177,850,1259,6757
"mmu-miR-1927",0,6,0,0,0,0,0,0,0,0,0,0,0,0,0,0,0,0
"mmu-miR-1930-3p",0,0,0,0,0,0,0,0,0,8,0,0,0,0,0,0,0,0
"mmu-miR-1930-5p",0,0,0,0,0,0,3,0,0,0,0,0,0,0,0,0,0,0
"mmu-miR-1931",0,0,0,0,0,0,0,0,2,0,0,0,0,0,0,0,0,0
"mmu-miR-1933-3p",1,10,0,0,3,0,5,24,9,15,0,0,0,0,0,0,0,0
"mmu-miR-1934-3p",0,0,0,0,0,0,0,0,0,18,0,0,0,0,0,0,0,0
"mmu-miR-1934-5p",3,0,0,0,13,0,2,0,8,0,0,6,0,0,0,0,0,0
"mmu-miR-193a-3p",36,66,25,55,110,26,61,258,34,240,20,18,1,0,16,38,0,0
"mmu-miR-193a-5p",0,6,0,25,0,10,2,0,0,0,0,0,0,0,1,0,0,0
"mmu-miR-193b-3p",12,91,48,50,27,0,25,50,5,28,4,17,0,0,15,0,55,1
"mmu-miR-193b-5p",0,0,0,0,5,0,4,0,5,0,0,2,0,0,0,0,0,0
"mmu-miR-194-5p",23,88,20,25,82,43,76,91,78,97,4,8,0,0,5,29,0,116
"mmu-miR-1941-3p",0,4,0,5,1,0,0,1,0,0,0,0,0,0,0,0,0,0
"mmu-miR-1941-5p",0,5,10,0,10,0,3,0,7,0,0,0,0,0,0,0,0,0
"mmu-miR-1943-3p",0,1,0,0,3,0,0,3,7,0,0,0,0,0,0,0,0,0
"mmu-miR-1943-5p",15,91,18,45,82,44,93,115,52,95,7,20,325,0,9,55,153,106
"mmu-miR-1945",0,0,0,0,0,0,8,0,4,0,0,0,0,0,0,16,0,0
"mmu-miR-1946a",0,0,0,0,0,0,0,0,0,6,0,0,0,0,0,0,0,0
"mmu-miR-1947-5p",5,21,3,10,18,0,0,0,13,16,0,1,0,0,0,9,18,0
"mmu-miR-1948-3p",0,13,0,0,28,10,12,41,4,32,0,1,0,0,0,5,0,0
"mmu-miR-1948-5p",0,0,0,0,0,0,0,0,0,0,0,0,0,0,5,0,0,0
"mmu-miR-1949",0,10,0,0,8,0,0,0,0,0,0,0,0,0,0,0,0,0
"mmu-miR-1955-5p",3,0,0,0,0,0,5,0,0,0,0,0,0,0,0,0,0,0
"mmu-miR-1956",3,0,0,0,11,0,0,0,0,0,0,0,0,0,0,0,0,0
"mmu-miR-1957a",0,0,0,0,0,0,1,0,0,0,0,0,0,0,0,0,0,0
"mmu-miR-195a-3p",7,19,20,0,19,1,27,11,9,27,3,0,0,0,11,9,1,129
"mmu-miR-195a-5p",52,259,21,67,194,91,162,163,35,154,3,18,382,84,16,11,189,292
"mmu-miR-1960",0,2,0,0,0,0,0,0,0,0,0,0,0,0,0,0,0,0
"mmu-miR-1964-3p",12,72,4,13,52,22,51,58,80,61,0,5,0,0,4,25,45,0
"mmu-miR-1964-5p",0,0,0,0,5,0,0,0,0,0,0,0,0,0,0,0,0,0
"mmu-miR-1966-3p",0,4,0,0,0,0,8,0,0,0,0,0,0,0,1,0,0,86
"mmu-miR-1966-5p",0,0,0,0,5,0,0,0,0,0,0,0,0,0,0,0,0,0
"mmu-miR-196a-2-3p",10,48,20,25,43,24,45,80,11,59,9,10,0,1,4,66,63,122
"mmu-miR-196a-5p",238,976,170,322,595,494,344,1611,801,497,13,310,1112,3,378,249,653,1965
"mmu-miR-196b-3p",0,8,0,0,2,0,2,29,2,0,0,2,0,0,0,0,0,0
"mmu-miR-196b-5p",91,750,112,69,373,148,240,476,282,448,17,104,472,2,106,201,0,1414
"mmu-miR-1981-3p",28,263,54,61,90,37,144,269,127,309,11,26,0,1,2,52,113,0
"mmu-miR-1981-5p",23,222,47,47,133,15,126,305,100,164,0,16,1,1,7,20,71,1
"mmu-miR-1982-3p",5,4,0,0,0,0,0,0,8,27,1,0,0,0,0,0,0,0
"mmu-miR-1983",7,110,0,36,29,1,69,92,62,104,19,16,0,0,3,0,0,0
"mmu-miR-199a-3p",1338,14696,1142,1695,9108,3586,5684,13132,3660,13868,210,802,31933,1511,701,1360,5388,6781
"mmu-miR-199a-5p",900,7946,1524,1894,3942,1494,3985,5477,4205,5801,309,613,1137,445,1093,2344,1915,11718
"mmu-miR-199b-3p",1228,13872,1013,1500,8770,3451,5445,12761,3451,13165,199,758,31933,1510,668,1247,5168,6800
"mmu-miR-199b-5p",8,24,0,15,1,1,16,3,11,2,0,0,1,1,0,1,3,9
"mmu-miR-19a-3p",30,98,79,0,44,19,40,55,0,59,0,4,571,0,5,116,0,234
"mmu-miR-19b-3p",190,671,167,342,269,264,397,334,70,319,135,281,311,1,76,784,232,835
"mmu-miR-1b-3p",0,0,0,0,0,0,0,0,0,0,0,2,0,0,0,0,0,0
"mmu-miR-200a-3p",0,0,0,0,0,0,0,10,0,0,0,0,0,0,1,0,0,0
"mmu-miR-200b-3p",0,1,0,15,8,0,4,0,0,0,0,0,0,0,0,0,0,0
"mmu-miR-200c-3p",0,0,0,0,0,0,1,0,0,0,0,0,0,0,0,0,0,0
"mmu-miR-201-5p",0,0,0,0,0,0,0,0,0,16,0,0,0,0,0,0,0,0
"mmu-miR-203-3p",2,0,7,0,9,0,0,0,0,0,0,0,0,0,3,12,0,0
"mmu-miR-204-5p",0,0,0,0,4,0,0,0,16,0,0,3,0,0,0,16,0,0
"mmu-miR-205-5p",3,1,0,0,0,36,2,19,9,0,0,3,0,0,0,0,0,0
"mmu-miR-206-3p",0,37,0,7,26,1,2,36,4,0,0,1,580,0,3,0,0,1
"mmu-miR-208b-3p",0,2,0,1,7,0,0,10,0,0,0,0,0,0,3,0,0,0
"mmu-miR-20a-3p",0,11,0,0,7,0,0,0,0,0,0,3,0,0,0,0,0,0
"mmu-miR-20a-5p",7,108,45,29,53,0,45,17,5,82,0,10,0,0,2,30,1,105
"mmu-miR-210-3p",600,4373,513,518,2574,1133,2124,5370,2525,5539,162,417,1432,682,255,1808,3806,2054
"mmu-miR-210-5p",592,4767,862,1643,1831,990,2859,5767,1472,4147,129,307,240,3,96,206,205,246
"mmu-miR-211-5p",0,0,0,0,0,0,0,0,0,19,0,0,0,0,0,0,0,0
"mmu-miR-212-3p",7,11,0,0,23,6,12,8,42,5,0,0,0,0,2,0,0,0
"mmu-miR-212-5p",0,29,0,25,24,0,14,40,30,0,0,0,0,0,5,10,0,0
"mmu-miR-2137",11,32,0,6,69,23,23,43,45,63,4,4,80,0,2,14,144,55
"mmu-miR-214-3p",105,1629,91,220,687,256,735,1007,494,758,20,61,1,1,83,279,361,854
"mmu-miR-214-5p",23,245,1,38,210,83,112,292,160,150,3,11,1,94,22,52,57,117
"mmu-miR-215-5p",7,59,21,1,18,5,59,66,13,41,0,3,0,0,1,19,43,78
"mmu-miR-216a-3p",0,0,0,0,0,0,0,0,5,0,0,0,0,0,0,0,0,0
"mmu-miR-217-5p",0,3,0,0,0,0,0,0,0,12,0,0,0,0,0,0,0,0
"mmu-miR-218-1-3p",5,27,0,11,37,8,24,0,13,19,0,0,0,0,4,0,0,0
"mmu-miR-218-5p",8,64,23,7,63,25,41,98,16,18,1,7,0,48,13,56,153,513
"mmu-miR-219a-1-3p",0,5,0,0,6,0,12,12,32,16,0,1,0,0,2,0,0,0
"mmu-miR-219a-5p",0,10,0,0,10,0,0,0,0,0,0,0,0,0,0,0,0,0
"mmu-miR-219c-3p",0,5,0,0,0,0,0,0,0,0,0,0,0,0,0,0,0,0
"mmu-miR-219c-5p",0,0,0,0,2,0,0,0,0,0,0,0,0,0,0,0,0,0
"mmu-miR-21a-3p",297,3144,505,425,1953,534,1023,3643,223,2444,129,262,269,312,401,1765,3541,11229
"mmu-miR-21a-5p",22097,139052,30062,39457,83986,36541,67889,105058,16573,122085,6046,12450,53677,8438,10848,63035,81775,254465
"mmu-miR-21b",0,11,0,0,3,5,3,19,0,4,0,1,1,0,1,7,1,41
"mmu-miR-21c",0,11,0,0,3,5,3,19,0,4,0,1,0,0,1,7,1,41
"mmu-miR-22-3p",50196,315293,45969,73682,225402,99402,190335,349148,145857,365194,13564,25070,14436,7033,14151,81385,86883,165636
"mmu-miR-22-5p",4,31,1,0,23,7,24,7,2,14,0,1,0,0,0,0,0,0
"mmu-miR-221-3p",202,1275,240,354,940,415,925,1290,922,1166,57,193,335,123,111,194,170,1092
"mmu-miR-221-5p",216,1030,293,436,483,303,599,386,565,774,208,78,0,0,42,98,142,543
"mmu-miR-222-3p",600,3842,642,1401,2958,1024,2401,3195,4701,4444,178,399,642,3,169,260,620,1123
"mmu-miR-222-5p",15,65,10,0,49,28,51,45,50,107,4,3,0,0,3,5,0,1
"mmu-miR-223-5p",0,0,0,0,0,0,0,0,0,0,0,0,0,0,0,39,0,0
"mmu-miR-224-3p",5,1,0,0,0,0,0,0,0,0,0,0,0,0,0,0,0,0
"mmu-miR-224-5p",60,902,147,154,283,184,279,483,547,327,18,53,0,3,11,9,54,2
"mmu-miR-23a-3p",1155,5244,807,2183,3276,1445,3087,3902,2758,4593,257,441,1267,414,569,1789,2331,5566
"mmu-miR-23a-5p",0,0,0,0,0,0,0,21,0,0,0,1,0,0,0,0,0,0
"mmu-miR-23b-3p",314,3142,525,707,1831,651,1212,1968,737,1786,54,186,610,141,292,665,1051,3235
"mmu-miR-23b-5p",0,0,0,0,0,0,9,0,0,0,0,0,0,0,0,0,0,0
"mmu-miR-24-1-5p",2,8,0,0,5,0,17,10,7,0,0,2,0,0,0,2,0,0
"mmu-miR-24-2-5p",341,2564,324,651,1263,576,1403,1415,1287,1804,97,126,1,79,48,355,326,568
"mmu-miR-24-3p",521,3578,261,499,3570,1112,2211,4332,552,4892,65,178,2916,929,491,2079,5402,8674
"mmu-miR-25-3p",289,1695,333,232,1568,705,1028,1969,1455,1924,35,137,1669,511,205,1162,4071,8820
"mmu-miR-25-5p",1,35,26,16,16,16,0,8,20,19,0,4,0,0,0,0,25,0
"mmu-miR-26a-1-3p",0,8,0,0,0,0,0,0,0,0,0,0,0,0,0,0,0,0
"mmu-miR-26a-2-3p",3,7,0,0,0,0,0,0,0,0,0,0,0,0,0,0,0,0
"mmu-miR-26a-5p",9485,74466,6745,14334,37372,17227,27075,37340,13048,61658,1628,2874,4163,750,2144,6719,10712,20467
"mmu-miR-26b-3p",2,36,0,39,18,11,32,50,16,38,1,7,0,0,6,0,0,171
"mmu-miR-26b-5p",325,2105,313,370,1629,631,1236,2107,219,2413,39,153,224,272,231,593,765,1809
"mmu-miR-27a-3p",1884,12743,1404,2586,8817,3674,6263,14456,3198,12256,434,795,1012,535,868,3581,4361,7447
"mmu-miR-27a-5p",7,3,8,45,8,20,35,35,33,26,4,10,0,0,0,0,0,1
"mmu-miR-27b-3p",24395,191506,21656,27760,124693,48500,62718,149204,29217,160029,3457,11303,19678,6498,9408,55303,102507,155058
"mmu-miR-27b-5p",11,154,3,11,145,63,52,182,97,177,11,6,0,0,4,41,0,231
"mmu-miR-2861",0,0,0,0,0,0,0,11,0,0,0,0,0,0,0,0,0,0
"mmu-miR-28a-3p",30,389,39,114,254,68,201,287,271,162,14,42,376,76,35,185,494,1196
"mmu-miR-28a-5p",183,1646,88,349,1124,448,924,1659,662,1759,64,98,1,2,21,299,200,144
"mmu-miR-28b",0,0,0,0,0,1,0,0,0,0,0,0,0,0,0,0,1,0
"mmu-miR-28c",0,6,0,0,0,9,4,17,2,0,0,1,0,0,0,0,0,0
"mmu-miR-295-3p",0,0,0,0,0,0,0,14,0,0,0,0,0,0,0,0,0,0
"mmu-miR-296-3p",12,31,14,4,56,38,30,105,59,95,1,12,0,0,6,22,0,293
"mmu-miR-296-5p",14,79,7,35,46,37,48,127,36,53,1,4,0,0,0,21,1,0
"mmu-miR-297a-5p",0,7,0,0,0,0,0,0,0,0,0,0,0,0,0,0,0,0
"mmu-miR-297b-5p",0,2,0,0,0,0,0,0,0,0,0,0,0,0,0,0,0,0
"mmu-miR-298-3p",0,0,18,0,0,0,0,0,0,0,0,0,0,0,0,0,0,0
"mmu-miR-298-5p",407,3347,523,1284,1675,837,1527,2336,2000,2849,162,333,1291,131,149,475,1041,2816
"mmu-miR-299a-3p",0,0,0,0,4,0,4,0,6,0,0,0,0,0,0,0,0,0
"mmu-miR-299b-3p",0,0,0,0,0,0,0,0,6,0,0,0,0,0,0,0,0,0
"mmu-miR-29a-3p",861,6341,850,1546,3984,1818,3627,5520,6917,7777,294,443,180,255,180,858,1486,1318
"mmu-miR-29a-5p",23,23,18,0,19,0,30,37,7,83,5,7,0,0,1,35,0,0
"mmu-miR-29b-2-5p",0,0,0,0,0,0,5,0,0,0,0,0,0,0,0,0,0,0
"mmu-miR-29b-3p",25,224,47,49,128,60,138,164,15,242,10,25,50,0,20,78,0,0
"mmu-miR-29c-3p",22,76,45,40,54,23,65,104,31,148,2,2,1,0,11,33,34,88
"mmu-miR-29c-5p",0,5,0,0,0,0,0,7,0,0,0,0,0,0,3,0,0,0
"mmu-miR-300-3p",2,11,0,7,4,0,3,0,21,31,0,0,0,0,0,22,55,134
"mmu-miR-301a-3p",708,3239,888,1285,2150,1070,2197,2174,604,4260,334,466,205,4,274,1258,709,2130
"mmu-miR-301a-5p",4,0,0,0,2,3,5,0,0,0,2,1,0,0,0,0,0,0
"mmu-miR-301b-3p",30,41,1,25,4,12,36,38,7,102,1,7,0,0,10,113,122,101
"mmu-miR-3057-3p",0,10,0,0,8,0,8,18,6,5,0,2,0,0,1,0,0,0
"mmu-miR-3057-5p",59,534,159,214,266,85,340,231,314,339,36,79,750,709,79,137,620,2986
"mmu-miR-3058-3p",0,8,0,0,0,0,9,17,0,0,0,0,0,0,0,0,0,0
"mmu-miR-3060-3p",5,4,4,10,6,29,0,24,14,0,1,2,0,0,0,0,34,0
"mmu-miR-3061-3p",13,17,0,0,36,12,18,20,10,17,0,3,0,0,2,12,0,0
"mmu-miR-3061-5p",0,7,0,0,13,0,0,0,7,0,0,0,129,0,0,0,0,0
"mmu-miR-3064-5p",0,0,0,0,0,0,3,0,0,0,0,0,0,0,0,0,0,0
"mmu-miR-3066-3p",0,0,0,0,0,0,4,0,0,0,0,0,0,0,0,0,0,0
"mmu-miR-3066-5p",0,5,0,0,0,0,2,0,0,0,0,0,0,0,0,0,0,86
"mmu-miR-3068-3p",16,151,19,86,97,12,47,175,26,128,5,12,0,1,9,24,51,204
"mmu-miR-3068-5p",0,6,0,0,2,0,0,6,0,0,0,0,0,0,0,0,0,0
"mmu-miR-3069-3p",0,2,0,0,0,0,0,0,0,0,0,0,0,0,0,0,0,0
"mmu-miR-3074-1-3p",0,0,0,0,9,0,0,0,1,0,0,0,0,0,0,0,0,0
"mmu-miR-3074-5p",0,3,4,3,3,0,3,0,0,0,0,1,0,0,0,0,0,0
"mmu-miR-3075-5p",0,6,0,0,0,0,0,0,0,0,0,0,0,0,0,0,0,0
"mmu-miR-3076-3p",0,4,0,0,15,0,8,10,0,9,0,2,0,0,1,0,0,0
"mmu-miR-3077-3p",0,12,0,0,0,0,12,0,5,24,0,3,0,0,0,0,0,0
"mmu-miR-3079-3p",0,0,0,0,0,0,4,0,0,0,0,0,0,0,0,0,0,0
"mmu-miR-3079-5p",0,0,0,0,5,0,0,0,0,0,0,0,0,0,3,0,19,0
"mmu-miR-3081-3p",0,0,0,0,0,0,2,0,0,15,0,0,0,0,1,0,0,0
"mmu-miR-3082-3p",13,79,23,2,32,3,19,40,14,92,0,0,1,0,8,20,0,138
"mmu-miR-3082-5p",0,0,0,0,0,2,0,0,0,0,0,0,0,0,0,0,0,0
"mmu-miR-3084-3p",5,11,0,0,4,0,12,0,0,57,0,3,0,0,0,22,0,0
"mmu-miR-3086-5p",0,0,0,0,6,0,0,0,0,0,0,5,0,0,0,13,0,0
"mmu-miR-3087-5p",0,0,0,6,0,0,0,0,0,0,0,0,0,0,0,0,0,0
"mmu-miR-3089-3p",0,7,0,0,3,0,0,0,8,20,0,0,0,0,0,0,0,0
"mmu-miR-3091-3p",0,0,0,0,0,0,0,0,0,0,0,0,0,0,0,19,0,0
"mmu-miR-3091-5p",0,6,0,0,0,0,0,0,0,0,0,0,0,0,0,0,0,0
"mmu-miR-3092-3p",0,0,0,0,0,0,5,0,0,0,0,0,0,0,0,0,0,0
"mmu-miR-3095-5p",0,0,0,0,0,0,0,0,3,0,0,0,0,0,0,0,0,0
"mmu-miR-3098-3p",0,0,0,16,0,0,3,0,0,0,0,0,0,0,0,0,0,0
"mmu-miR-3098-5p",0,0,0,4,0,0,0,0,0,0,0,0,0,0,0,0,0,0
"mmu-miR-3099-3p",4,10,15,0,14,0,0,0,25,0,0,2,0,0,0,0,0,0
"mmu-miR-30a-3p",58,336,35,33,272,103,154,290,176,296,1,29,795,2,44,81,657,1288
"mmu-miR-30a-5p",3789,25837,6307,8041,13909,5954,12878,16417,10121,24808,1193,2740,4534,1628,2605,16297,23884,56970
"mmu-miR-30b-3p",0,6,0,0,0,13,17,26,4,0,0,0,187,0,4,22,57,0
"mmu-miR-30b-5p",197,1085,219,323,717,437,683,841,596,1446,36,98,204,2,39,313,205,376
"mmu-miR-30c-1-3p",5,16,6,9,8,8,18,51,15,66,2,6,0,0,8,26,0,309
"mmu-miR-30c-2-3p",4,132,12,27,62,44,32,80,76,126,1,9,221,0,6,34,51,323
"mmu-miR-30c-5p",510,3725,587,1536,1609,832,2103,2401,1700,2689,172,244,244,4,120,264,576,867
"mmu-miR-30d-3p",12,59,0,3,34,36,32,58,6,22,0,9,0,0,1,25,0,0
"mmu-miR-30d-5p",4571,26186,5875,8895,14988,6536,15948,19939,14674,24113,1400,3235,1504,640,1925,6966,7409,21054
"mmu-miR-30e-3p",28,297,63,28,162,70,131,222,75,181,3,27,557,0,39,67,577,1550
"mmu-miR-30e-5p",1345,8329,2314,3006,4073,1814,5149,5241,2439,6888,608,808,4,128,549,1237,966,3303
"mmu-miR-30f",0,0,0,0,0,0,0,0,0,0,0,0,0,0,0,0,1,0
"mmu-miR-31-3p",0,19,0,0,2,8,7,33,7,56,0,0,0,0,3,19,0,0
"mmu-miR-31-5p",1638,11858,1094,2187,8054,3220,7304,8588,7740,12513,353,725,1128,13,421,2672,4647,7222
"mmu-miR-3102-3p",17,139,43,66,48,26,110,203,17,155,2,42,0,0,20,7,72,1
"mmu-miR-3102-3p.2-3p",9,89,46,61,22,9,45,88,39,75,7,3,0,0,7,16,0,0
"mmu-miR-3102-5p",0,0,0,0,1,0,0,0,0,0,0,0,0,0,0,0,0,0
"mmu-miR-3102-5p.2-5p",9,60,7,13,24,7,42,118,66,100,1,8,0,0,0,16,1,1
"mmu-miR-3103-3p",0,6,0,0,0,0,3,0,10,35,3,0,0,0,0,0,0,0
"mmu-miR-3103-5p",0,7,0,0,6,0,0,0,0,0,0,0,0,0,0,0,0,0
"mmu-miR-3105-3p",4,6,0,0,0,7,10,7,10,0,0,0,0,0,0,0,0,0
"mmu-miR-3109-3p",0,30,16,0,20,11,19,25,9,12,0,0,0,0,0,0,0,0
"mmu-miR-3109-5p",0,0,0,0,4,0,4,6,0,0,0,0,0,0,0,0,0,0
"mmu-miR-32-5p",0,7,0,0,5,0,3,12,0,0,0,0,0,0,2,9,0,0
"mmu-miR-320-3p",194,1028,275,277,583,346,656,768,1041,733,63,148,1391,439,202,494,923,5504
"mmu-miR-322-3p",31,364,43,80,155,46,110,144,71,182,3,23,166,1,21,1,65,434
"mmu-miR-322-5p",210,987,99,209,780,191,535,449,153,872,72,148,0,0,73,227,85,1124
"mmu-miR-323-3p",0,0,0,0,0,0,0,0,0,1,0,0,0,0,0,0,40,0
"mmu-miR-324-3p",12,102,7,11,121,20,69,161,74,201,7,13,84,0,6,22,0,44
"mmu-miR-324-5p",10,35,0,0,20,0,42,16,9,106,0,3,0,0,9,14,0,0
"mmu-miR-326-3p",11,217,46,20,147,34,77,182,77,54,8,24,0,0,9,1,35,0
"mmu-miR-328-3p",248,2077,424,585,871,353,1254,1780,1192,2194,59,208,245,5,80,189,247,451
"mmu-miR-328-5p",0,4,0,0,0,0,2,0,0,0,0,1,0,0,0,0,0,0
"mmu-miR-33-3p",0,8,0,0,6,0,21,0,0,0,0,0,0,0,1,0,0,0
"mmu-miR-33-5p",0,8,2,5,19,6,7,38,0,4,0,1,0,0,8,32,0,0
"mmu-miR-330-3p",0,25,0,0,16,1,11,43,24,57,0,15,0,0,14,6,0,0
"mmu-miR-330-5p",11,175,25,8,111,10,59,82,35,178,0,11,0,0,1,7,0,68
"mmu-miR-331-3p",18,71,0,7,29,6,72,37,30,77,1,5,0,0,7,5,0,0
"mmu-miR-331-5p",3,3,0,0,12,0,5,3,28,10,0,6,0,0,0,0,0,0
"mmu-miR-335-3p",2,0,0,0,0,17,0,0,10,18,0,0,0,0,0,0,0,0
"mmu-miR-335-5p",14,6,0,0,18,0,6,0,12,17,0,0,0,0,0,0,0,0
"mmu-miR-338-3p",0,0,0,23,0,0,0,0,0,0,0,0,0,0,0,0,0,0
"mmu-miR-339-3p",21,89,7,47,54,0,46,42,33,98,4,7,0,1,5,0,34,0
"mmu-miR-339-5p",0,20,2,7,7,0,9,25,41,17,0,0,0,0,4,10,0,87
"mmu-miR-340-5p",0,3,0,0,4,0,0,0,0,0,0,0,0,0,0,0,0,0
"mmu-miR-341-3p",0,0,0,0,0,0,0,0,0,0,0,0,0,0,0,4,0,0
"mmu-miR-342-3p",55,548,146,175,244,73,260,281,143,174,29,30,1,132,28,55,474,444
"mmu-miR-342-5p",0,0,0,0,3,10,0,0,0,0,0,0,0,0,0,0,0,0
"mmu-miR-344b-3p",0,6,0,0,0,0,3,0,0,0,0,3,0,0,0,0,0,0
"mmu-miR-344d-3-5p",0,0,0,0,10,0,8,0,13,9,0,0,0,0,0,0,0,0
"mmu-miR-344d-3p",67,112,21,65,126,56,165,78,209,458,6,8,0,0,5,74,170,0
"mmu-miR-345-3p",26,267,27,66,135,53,108,154,56,276,4,27,0,0,19,158,140,199
"mmu-miR-345-5p",16,95,0,4,35,19,41,101,92,44,2,8,0,0,2,29,0,0
"mmu-miR-3470a",24,113,9,74,41,24,4,14,85,14,0,0,211,0,1,0,36,0
"mmu-miR-3470b",81,366,21,228,157,117,23,64,192,30,0,0,315,0,17,33,348,120
"mmu-miR-3473a",5,37,10,0,42,11,4,21,6,0,0,3,0,0,3,17,0,0
"mmu-miR-3473b",1,4,0,0,11,0,1,10,8,0,0,0,0,0,0,2,0,0
"mmu-miR-3473c",0,1,0,0,0,0,0,0,0,0,0,0,0,0,0,0,0,0
"mmu-miR-3473d",0,3,14,0,4,0,3,4,0,18,0,2,0,0,0,11,0,0
"mmu-miR-3473e",1,0,0,0,2,0,1,10,4,0,0,0,0,0,0,2,0,0
"mmu-miR-3473f",0,1,0,0,7,0,0,0,0,0,0,0,0,0,0,0,0,0
"mmu-miR-3473g",0,6,0,0,2,19,16,21,26,0,0,0,0,0,0,17,0,0
"mmu-miR-34a-3p",2,0,0,0,0,0,0,0,0,17,0,0,0,0,0,0,0,0
"mmu-miR-34a-5p",19,127,24,27,81,81,81,165,32,262,2,16,0,84,12,22,0,0
"mmu-miR-34b-3p",128,890,115,249,559,204,601,1383,689,777,20,58,298,1,58,93,240,312
"mmu-miR-34b-5p",198,763,92,277,459,173,458,604,96,1144,56,116,943,1,95,859,688,3778
"mmu-miR-34c-3p",8,167,0,0,93,0,145,111,77,48,0,4,0,0,11,75,25,105
"mmu-miR-34c-5p",5504,23797,2977,7399,18316,9584,17574,17237,10728,40594,1196,2635,428,191,680,1870,4089,7474
"mmu-miR-350-3p",2,21,16,18,25,23,4,60,6,0,0,1,0,0,2,0,0,0
"mmu-miR-350-5p",4,78,0,10,37,8,28,74,25,36,3,9,0,0,0,0,117,43
"mmu-miR-351-3p",0,8,0,0,8,0,0,8,4,0,0,0,0,0,1,0,0,0
"mmu-miR-351-5p",2184,21177,5982,6032,8227,2654,7754,8104,5196,12115,1293,2224,863,235,1275,3026,1743,10684
"mmu-miR-3535",18,82,0,26,28,0,24,13,111,40,32,16,145,82,6,97,253,166
"mmu-miR-3569-5p",0,0,0,0,0,0,0,0,7,0,0,0,0,0,0,0,0,0
"mmu-miR-3572-3p",0,0,0,0,0,0,7,0,0,0,0,0,0,0,0,0,0,0
"mmu-miR-361-3p",7,89,18,0,35,43,51,75,71,87,1,11,0,0,0,15,59,0
"mmu-miR-361-5p",57,337,93,77,247,66,155,220,241,215,9,24,0,1,28,44,178,325
"mmu-miR-362-3p",1,40,0,0,20,16,23,60,9,60,7,2,0,1,1,42,0,1
"mmu-miR-362-5p",10,102,0,33,74,25,74,34,38,50,0,11,0,0,8,12,43,0
"mmu-miR-365-2-5p",13,151,68,40,68,40,70,104,124,168,26,24,0,0,10,0,49,128
"mmu-miR-365-3p",44,843,158,234,204,16,267,510,251,318,50,55,0,0,68,428,35,360
"mmu-miR-369-3p",15,15,0,27,52,0,32,15,21,108,0,1,0,0,5,104,123,48
"mmu-miR-374b-5p",11,127,7,5,56,12,32,78,12,95,0,1,0,0,8,13,20,0
"mmu-miR-375-3p",2,21,0,0,15,0,0,16,14,14,0,0,0,0,2,0,0,0
"mmu-miR-378a-3p",1426,8166,2031,1949,5667,2526,4222,6528,4867,9794,382,787,5387,1071,992,7534,9707,43310
"mmu-miR-378a-5p",0,24,1,0,9,4,8,12,17,21,2,2,0,0,0,9,0,46
"mmu-miR-378b",0,17,0,0,3,0,11,28,10,14,0,2,0,0,0,8,29,58
"mmu-miR-378c",447,2034,488,568,1464,586,906,1604,1236,2226,86,175,1140,253,292,2028,2834,13270
"mmu-miR-378d",31,126,27,4,76,25,38,96,34,69,6,12,0,0,5,54,1,302
"mmu-miR-379-3p",0,0,0,0,0,0,0,0,0,0,0,0,0,0,1,0,0,0
"mmu-miR-381-3p",0,7,0,0,14,16,0,0,8,0,0,0,0,0,1,10,84,124
"mmu-miR-383-5p",0,6,0,0,0,0,0,0,0,0,0,0,0,0,0,0,0,0
"mmu-miR-384-5p",0,0,0,0,0,0,0,0,0,12,0,0,0,0,0,0,0,0
"mmu-miR-3960",0,0,0,0,0,0,0,2,0,0,0,0,0,0,0,0,0,0
"mmu-miR-3963",3,7,0,3,3,1,5,8,0,2,0,0,0,0,0,0,0,2
"mmu-miR-3965",0,0,0,0,1,0,0,0,0,0,0,0,0,0,0,0,0,0
"mmu-miR-3966",0,1,0,0,0,0,0,0,0,1,0,0,0,0,0,0,0,0
"mmu-miR-3968",58,315,22,17,162,59,104,497,94,347,17,8,1,2,2,12,65,1
"mmu-miR-3970",0,0,0,0,0,0,0,0,0,0,0,0,1,0,0,0,0,0
"mmu-miR-409-3p",7,0,0,5,8,16,7,0,80,17,0,0,0,0,0,1,0,0
"mmu-miR-409-5p",0,0,0,0,0,0,0,0,5,0,0,0,0,0,0,0,46,108
"mmu-miR-410-3p",9,26,0,0,70,7,17,18,39,81,3,2,273,64,1,88,784,376
"mmu-miR-411-3p",0,0,0,0,0,0,1,0,0,0,0,0,0,0,0,0,0,0
"mmu-miR-411-5p",5,13,18,12,20,10,12,0,31,0,0,0,76,0,1,25,47,174
"mmu-miR-412-5p",1,0,0,0,10,0,2,0,4,27,0,0,146,0,0,17,33,151
"mmu-miR-421-3p",109,1041,76,251,479,255,424,673,326,843,23,42,0,1,22,102,320,425
"mmu-miR-421-5p",0,1,0,0,0,0,0,0,0,0,0,0,0,0,0,0,4,0
"mmu-miR-423-3p",585,4496,556,1667,2009,770,2913,4378,2868,4052,194,491,96,2,89,382,447,491
"mmu-miR-423-5p",5008,18618,4295,7803,10683,6402,12357,14919,37052,25060,1385,3699,2804,708,911,4663,10723,15921
"mmu-miR-425-3p",13,19,4,0,9,0,11,21,0,43,0,0,0,0,1,0,0,0
"mmu-miR-425-5p",105,600,87,173,485,210,417,746,420,1043,24,58,143,78,47,236,479,802
"mmu-miR-429-3p",0,5,0,0,0,0,0,0,0,0,0,0,0,0,0,0,0,0
"mmu-miR-431-5p",0,0,0,0,0,0,4,0,4,0,0,0,0,0,0,0,0,0
"mmu-miR-433-3p",0,0,0,0,2,0,0,0,0,0,0,0,0,0,0,0,0,0
"mmu-miR-448-3p",0,0,0,0,0,0,0,0,1,0,0,0,0,0,0,0,0,0
"mmu-miR-449a-5p",6,21,0,0,6,0,3,16,6,33,0,2,0,0,4,0,49,44
"mmu-miR-449b",0,0,0,0,0,0,0,0,0,0,0,0,0,0,0,0,0,1
"mmu-miR-449c-5p",0,11,0,24,0,0,3,19,0,0,0,0,0,0,0,0,0,0
"mmu-miR-450a-1-3p",0,0,0,0,2,0,0,0,0,0,0,0,0,0,0,0,0,0
"mmu-miR-450a-2-3p",0,3,0,0,0,0,0,0,0,16,0,0,0,0,0,0,0,0
"mmu-miR-450a-5p",5,169,21,55,110,12,22,125,10,263,4,5,0,0,6,17,55,48
"mmu-miR-450b-3p",0,0,0,30,0,0,0,0,0,0,0,0,0,0,0,0,0,0
"mmu-miR-450b-5p",14,40,78,40,44,21,20,18,3,23,3,0,0,0,0,24,56,104
"mmu-miR-451a",13,32,0,0,87,1,28,19,24,63,0,3,0,0,1,4,47,380
"mmu-miR-452-3p",0,0,10,0,0,0,0,0,0,0,0,0,0,0,0,0,0,0
"mmu-miR-452-5p",0,8,0,0,0,0,0,0,0,0,0,0,0,0,0,0,0,0
"mmu-miR-455-3p",0,10,0,0,2,0,14,0,0,0,0,2,0,0,4,0,0,0
"mmu-miR-455-5p",0,10,0,1,5,0,0,0,0,0,0,0,0,0,2,14,0,0
"mmu-miR-463-5p",0,0,0,0,0,0,8,2,0,0,0,8,0,0,0,0,0,0
"mmu-miR-465a-3p",9,39,14,12,43,9,12,16,23,92,0,0,0,1,1,0,39,0
"mmu-miR-465a-5p",0,0,0,16,4,23,13,0,0,0,0,0,0,0,0,0,0,0
"mmu-miR-465b-3p",9,39,14,12,43,9,12,16,23,92,0,0,0,1,1,0,39,0
"mmu-miR-465c-3p",9,39,14,12,43,9,12,16,23,92,0,0,0,1,1,0,39,0
"mmu-miR-465c-5p",0,12,0,24,30,0,18,15,32,59,0,0,0,0,6,4,0,0
"mmu-miR-466a-3p",1,14,0,0,0,0,0,0,0,0,0,0,0,0,0,0,0,0
"mmu-miR-466b-3p",1,14,0,0,0,0,0,16,0,0,0,0,0,0,0,0,0,0
"mmu-miR-466b-5p",0,1,0,0,0,0,0,0,0,0,0,0,0,0,0,0,0,0
"mmu-miR-466c-3p",1,14,0,0,0,0,0,16,0,0,0,0,0,0,0,0,0,0
"mmu-miR-466d-5p",0,4,0,0,0,0,0,0,0,0,0,0,0,0,0,0,0,0
"mmu-miR-466e-3p",1,14,0,0,0,0,0,16,0,0,0,0,0,0,0,0,0,0
"mmu-miR-466e-5p",0,1,0,0,0,0,0,0,0,0,0,0,0,0,0,0,0,0
"mmu-miR-466f-3p",0,2,0,6,0,0,2,0,0,0,0,3,0,0,0,0,0,0
"mmu-miR-466g",0,0,0,4,0,0,0,9,0,26,0,0,0,0,0,0,0,0
"mmu-miR-466h-3p",0,0,0,0,0,0,1,0,0,0,0,0,0,0,0,0,0,87
"mmu-miR-466i-3p",0,2,0,0,0,0,1,0,0,0,0,3,0,0,0,0,0,0
"mmu-miR-466i-5p",0,8,0,0,1,4,0,0,0,0,0,0,0,0,0,0,0,0
"mmu-miR-466n-5p",0,4,0,0,0,0,0,0,0,0,0,0,0,0,0,0,0,0
"mmu-miR-466o-5p",0,1,0,0,0,0,0,0,0,0,0,0,0,0,0,0,0,0
"mmu-miR-466p-3p",1,14,0,0,0,0,0,16,0,0,0,0,0,0,0,0,0,0
"mmu-miR-467a-3p",0,0,0,0,0,0,0,10,0,0,0,0,0,0,0,0,0,0
"mmu-miR-467a-5p",0,15,0,0,0,0,9,17,13,10,0,0,0,0,2,0,0,0
"mmu-miR-467b-5p",0,15,0,0,0,0,9,17,13,10,0,0,0,0,2,0,0,0
"mmu-miR-467c-5p",1,15,0,0,6,0,0,28,2,18,0,0,0,0,0,0,0,0
"mmu-miR-467d-3p",0,0,0,0,0,0,0,10,0,0,0,0,0,0,0,0,0,0
"mmu-miR-467d-5p",2,11,0,8,10,0,15,31,2,6,0,0,0,0,1,1,0,0
"mmu-miR-467e-5p",0,7,0,0,0,0,3,0,0,0,0,0,0,0,0,0,0,0
"mmu-miR-470-5p",4,79,9,0,71,13,14,26,44,108,3,9,176,0,1,26,28,97
"mmu-miR-484",405,4504,868,1396,1830,532,2341,3744,2204,2301,185,191,132,101,92,362,207,785
"mmu-miR-485-3p",0,0,0,0,0,0,0,3,0,0,0,0,0,0,0,0,0,0
"mmu-miR-486a-3p",2,6,0,5,8,6,0,0,18,23,0,0,0,0,0,0,0,0
"mmu-miR-486a-5p",1623,7392,1775,1604,7718,2214,4805,5057,10401,7002,217,815,30173,3562,1548,6200,23819,44082
"mmu-miR-486b-3p",0,3,0,0,0,0,0,0,0,0,0,0,0,0,0,0,0,0
"mmu-miR-486b-5p",1614,7330,1767,1584,7643,2142,4768,5020,10324,6935,220,809,29327,3538,1511,6112,23652,43437
"mmu-miR-491-5p",0,0,0,0,7,0,0,0,0,0,0,0,0,0,0,0,0,0
"mmu-miR-493-5p",0,0,0,0,0,0,0,0,8,0,0,0,0,0,0,0,0,0
"mmu-miR-494-3p",0,0,0,0,8,0,0,0,0,0,0,0,0,0,0,0,0,0
"mmu-miR-495-3p",0,0,0,3,0,0,0,0,0,0,0,0,0,0,0,0,0,0
"mmu-miR-497a-3p",0,6,0,0,0,0,0,0,0,0,0,0,0,0,0,0,0,0
"mmu-miR-497a-5p",48,284,50,52,197,89,244,306,123,240,17,32,0,0,36,30,0,796
"mmu-miR-499-5p",0,0,0,0,0,0,0,0,0,0,0,0,0,0,1,0,0,0
"mmu-miR-500-3p",6,30,0,0,22,6,7,24,22,25,0,2,72,0,0,0,0,0
"mmu-miR-500-5p",0,12,0,0,0,0,0,0,0,0,0,0,0,0,0,0,0,0
"mmu-miR-501-3p",1187,9942,853,1319,4368,1508,3637,5493,4316,5256,257,689,10213,561,498,2633,11617,14102
"mmu-miR-501-5p",3,6,17,0,6,0,0,10,0,22,0,0,0,0,0,0,0,0
"mmu-miR-503-3p",2,13,0,13,12,0,0,0,0,0,0,0,0,0,0,0,0,98
"mmu-miR-504-5p",0,2,0,0,7,0,0,0,0,0,0,0,0,0,0,0,0,0
"mmu-miR-505-3p",0,0,0,15,0,0,0,0,0,0,0,0,0,0,0,0,0,0
"mmu-miR-505-5p",0,0,0,0,4,0,0,8,0,0,0,0,0,0,0,0,0,0
"mmu-miR-5099",466,1908,117,245,1581,797,955,3009,6762,2185,37,101,411,34,61,142,669,272
"mmu-miR-5100",2,1,0,0,4,9,3,12,1,0,0,0,0,0,0,0,0,0
"mmu-miR-5106",0,3,3,0,3,4,6,0,39,14,0,2,0,0,0,18,45,0
"mmu-miR-5108",0,0,0,0,0,0,0,0,0,0,0,0,0,0,0,0,28,0
"mmu-miR-5112",0,0,0,0,0,0,0,1,0,6,0,0,0,0,0,0,0,0
"mmu-miR-5113",0,0,0,0,0,0,0,0,0,0,0,0,0,0,5,0,0,0
"mmu-miR-5114",7,43,0,0,24,32,38,21,35,0,3,1,0,0,2,23,0,0
"mmu-miR-5119",0,1,3,4,5,12,3,1,3,10,0,0,0,17,2,20,0,10
"mmu-miR-5121",0,9,0,0,7,0,0,0,41,17,2,1,0,0,3,8,0,0
"mmu-miR-5122",0,0,0,0,0,0,0,4,0,0,0,0,0,0,2,0,0,0
"mmu-miR-5123",0,4,0,0,0,0,0,16,0,0,0,0,0,0,0,0,0,0
"mmu-miR-5124a",0,0,0,1,0,0,0,0,0,0,0,0,0,0,0,0,0,0
"mmu-miR-5126",7,18,1,10,80,10,7,11,0,21,0,1,0,1,1,0,0,1
"mmu-miR-5128",2,50,7,38,7,1,0,13,8,9,0,4,1,0,2,2,1,33
"mmu-miR-5129-3p",0,0,0,0,0,0,0,0,4,0,0,0,0,0,0,0,0,0
"mmu-miR-5129-5p",0,3,0,0,0,0,0,0,0,0,0,0,0,0,0,0,0,0
"mmu-miR-532-3p",23,212,45,57,99,49,155,268,85,170,8,13,1,0,15,52,34,2
"mmu-miR-532-5p",138,569,70,62,455,107,341,693,594,817,32,59,2,154,59,238,539,1861
"mmu-miR-541-5p",0,0,0,0,6,0,4,12,0,0,0,0,0,0,0,0,0,0
"mmu-miR-542-3p",44,191,20,96,47,20,69,144,33,268,19,30,0,1,20,46,120,581
"mmu-miR-542-5p",0,14,1,2,13,3,9,48,6,28,0,3,0,0,4,0,44,93
"mmu-miR-543-3p",0,0,0,0,0,0,0,0,7,12,0,0,0,0,0,0,0,0
"mmu-miR-547-3p",0,33,0,0,23,0,13,0,5,0,0,0,0,0,0,0,0,0
"mmu-miR-5615-5p",0,0,0,0,0,0,0,0,0,0,0,0,0,0,0,0,0,67
"mmu-miR-5620-5p",0,0,0,0,0,0,0,0,0,22,0,0,0,0,0,0,0,0
"mmu-miR-5621-3p",0,0,0,0,4,0,0,0,0,0,0,0,0,0,0,0,0,0
"mmu-miR-5626-3p",0,4,0,0,0,0,0,0,0,0,0,0,0,0,0,0,0,0
"mmu-miR-5627-3p",0,4,0,0,0,0,8,0,0,0,0,0,0,0,0,0,0,0
"mmu-miR-5709-5p",0,2,0,0,0,0,2,0,0,0,0,0,0,0,0,0,0,0
"mmu-miR-574-3p",5,209,25,32,87,46,100,329,116,122,4,10,227,0,26,7,0,0
"mmu-miR-574-5p",2,38,6,7,15,1,4,17,45,18,0,1,1,1,15,0,0,0
"mmu-miR-582-3p",32,257,41,67,149,37,163,316,113,322,11,16,0,0,56,125,277,1167
"mmu-miR-582-5p",0,16,0,0,15,25,14,13,0,2,0,0,0,0,0,0,0,0
"mmu-miR-598-3p",0,9,0,0,2,0,0,18,3,0,0,0,0,0,3,8,0,67
"mmu-miR-615-3p",948,12719,1225,2275,6904,1834,4532,8868,4656,6663,218,680,152,132,353,1515,1762,1494
"mmu-miR-615-5p",11,143,29,20,73,28,97,82,93,143,15,15,319,1,10,56,333,438
"mmu-miR-6236",0,0,0,0,16,0,2,0,0,9,1,0,0,0,1,4,0,0
"mmu-miR-6238",1,8,0,0,7,10,1,3,0,0,0,0,0,0,2,0,25,17
"mmu-miR-6239",0,0,0,0,1,0,0,0,0,0,0,0,0,0,0,0,0,0
"mmu-miR-6240",166,953,396,310,1362,342,887,1376,588,719,151,82,77,69,47,456,565,250
"mmu-miR-6418-3p",0,12,0,0,0,0,0,0,0,7,0,0,0,0,0,0,0,0
"mmu-miR-6516-3p",0,0,0,8,0,0,11,0,0,0,0,0,0,0,0,0,0,0
"mmu-miR-6516-5p",0,48,0,0,14,0,32,16,0,29,0,0,0,0,1,0,0,123
"mmu-miR-652-3p",4,170,3,20,103,44,121,224,89,137,3,11,0,0,4,0,61,50
"mmu-miR-6538",4,6,0,1,48,2,2,15,5,19,3,0,0,0,1,0,0,0
"mmu-miR-6539",0,15,0,0,10,18,0,15,8,12,0,2,0,0,1,0,0,74
"mmu-miR-6540-5p",0,3,0,0,0,6,0,0,0,0,0,0,0,0,0,0,0,0
"mmu-miR-6546-5p",0,0,0,0,5,0,0,0,0,0,0,0,0,0,0,0,0,0
"mmu-miR-664-3p",21,110,30,4,31,12,49,52,25,67,6,11,0,0,1,0,0,0
"mmu-miR-664-5p",16,108,21,12,49,56,57,122,74,173,13,17,0,0,5,37,135,388
"mmu-miR-669a-3p",0,3,0,0,0,0,0,0,0,0,0,0,0,0,0,0,0,0
"mmu-miR-669a-5p",0,3,0,0,2,0,7,8,1,0,0,0,0,0,2,0,42,0
"mmu-miR-669b-5p",0,7,0,0,0,0,0,0,10,0,0,0,0,0,0,0,0,0
"mmu-miR-669c-5p",0,8,0,0,0,0,0,10,0,0,0,0,0,0,2,0,0,0
"mmu-miR-669d-5p",0,0,0,0,5,0,0,0,0,0,0,0,0,0,0,0,0,0
"mmu-miR-669f-3p",0,0,0,0,0,0,2,0,0,0,0,0,0,0,0,0,0,0
"mmu-miR-669h-5p",0,1,0,0,0,0,0,0,0,0,0,0,0,0,0,0,0,0
"mmu-miR-669k-5p",0,0,0,0,0,0,1,0,0,0,0,0,0,0,0,0,0,0
"mmu-miR-669o-3p",0,3,0,0,0,0,0,0,0,0,0,0,0,0,0,0,0,0
"mmu-miR-669o-5p",0,0,0,0,0,0,0,0,5,0,0,0,0,0,0,0,0,0
"mmu-miR-669p-5p",0,3,0,0,2,0,7,8,1,0,0,0,0,0,2,0,42,0
"mmu-miR-671-3p",89,365,122,134,339,122,378,560,232,355,0,78,1,1,109,214,191,3421
"mmu-miR-671-5p",8,37,0,44,4,18,5,0,0,44,0,0,0,0,2,13,0,0
"mmu-miR-674-3p",70,553,110,75,386,97,273,594,429,541,34,40,1,1,27,78,99,296
"mmu-miR-674-5p",3,58,14,0,21,0,18,47,0,25,0,0,0,0,3,21,0,81
"mmu-miR-675-3p",0,1,0,0,1,3,3,0,0,0,0,0,0,0,0,0,0,0
"mmu-miR-676-3p",0,0,0,0,2,0,0,0,0,0,0,0,0,0,0,9,0,0
"mmu-miR-6769b-3p",0,1,0,0,0,0,0,0,1,0,0,0,0,0,0,0,0,0
"mmu-miR-6769b-5p",0,2,0,0,0,0,0,0,0,0,0,0,0,0,0,0,0,0
"mmu-miR-677-3p",0,3,0,0,5,0,0,0,1,1,0,0,0,0,0,0,0,0
"mmu-miR-677-5p",19,95,28,0,62,53,32,103,31,67,3,0,0,0,17,112,61,0
"mmu-miR-6896-5p",0,2,0,0,0,0,0,21,0,12,0,0,0,0,1,0,0,82
"mmu-miR-6899-3p",0,0,0,0,4,0,6,0,0,0,0,0,0,0,0,0,0,0
"mmu-miR-6899-5p",2,0,0,0,0,0,0,0,0,0,0,0,0,0,0,0,0,0
"mmu-miR-690",4,39,0,31,81,22,16,76,17,11,1,0,0,0,1,10,0,0
"mmu-miR-6901-5p",0,0,0,0,0,0,0,10,0,0,0,0,0,0,0,0,0,0
"mmu-miR-6903-3p",0,0,0,0,0,0,0,0,5,0,0,0,0,0,0,0,0,0
"mmu-miR-6904-3p",0,0,0,0,0,0,0,0,0,0,0,0,0,0,1,0,0,0
"mmu-miR-6905-5p",3,1,0,0,6,0,0,0,0,0,0,0,0,0,0,0,0,0
"mmu-miR-6907-3p",0,0,0,0,0,0,0,0,3,0,0,0,0,0,0,0,0,0
"mmu-miR-6909-5p",0,0,0,0,0,0,3,0,0,0,0,0,0,0,0,0,0,0
"mmu-miR-6911-3p",5,28,0,0,0,7,0,0,2,0,0,0,0,0,0,0,0,0
"mmu-miR-6912-5p",0,0,0,0,0,0,0,0,0,32,0,0,0,0,0,0,0,0
"mmu-miR-6913-3p",0,0,0,0,0,0,0,10,0,0,0,0,0,0,0,0,0,0
"mmu-miR-6914-3p",0,1,0,0,0,0,1,0,7,0,0,1,0,0,0,0,40,0
"mmu-miR-6916-5p",0,2,0,0,0,0,5,0,0,0,0,0,0,0,0,0,0,0
"mmu-miR-6920-5p",0,2,0,0,0,0,0,0,0,0,0,0,0,0,0,0,0,0
"mmu-miR-6922-5p",0,5,0,0,0,0,0,0,0,0,0,0,0,0,0,0,38,0
"mmu-miR-6925-5p",4,0,0,0,1,0,0,0,5,0,0,0,0,0,0,0,0,0
"mmu-miR-693-3p",0,4,8,0,0,0,0,0,0,0,0,0,0,0,1,0,0,0
"mmu-miR-6930-5p",0,8,0,0,0,0,0,0,0,0,0,0,0,0,0,0,0,0
"mmu-miR-6932-5p",0,0,0,0,0,0,0,16,7,0,0,0,0,0,0,0,0,0
"mmu-miR-6933-5p",0,0,0,0,0,0,0,0,7,0,0,0,0,0,0,0,0,0
"mmu-miR-6939-3p",0,1,0,0,4,0,0,0,0,0,0,0,0,0,0,0,0,0
"mmu-miR-694",0,5,0,0,0,0,0,0,0,0,0,7,0,0,0,0,0,0
"mmu-miR-6943-3p",0,4,0,0,0,0,0,0,0,0,0,0,0,0,0,0,0,0
"mmu-miR-6944-3p",139,1053,139,217,477,142,567,1063,393,1453,55,72,0,0,5,42,51,2
"mmu-miR-6944-5p",0,0,0,0,0,0,0,20,0,0,0,0,0,0,0,0,0,0
"mmu-miR-6945-3p",0,19,0,14,6,0,7,0,0,14,0,0,0,0,0,0,0,0
"mmu-miR-6946-5p",0,0,0,0,0,0,6,0,0,0,0,0,0,0,0,0,0,0
"mmu-miR-6948-3p",0,11,0,0,9,0,7,20,15,0,0,0,0,0,0,6,0,0
"mmu-miR-6952-3p",0,8,0,0,0,0,0,0,0,0,0,0,0,0,1,0,0,0
"mmu-miR-6952-5p",0,0,0,0,0,0,2,0,0,0,0,0,0,0,0,0,0,0
"mmu-miR-6953-3p",0,5,0,0,2,0,3,9,0,0,0,0,0,0,0,0,0,0
"mmu-miR-6953-5p",0,0,0,0,0,0,0,0,0,23,0,0,0,0,0,0,0,0
"mmu-miR-6955-5p",0,5,0,0,0,0,0,0,0,0,0,0,0,0,0,0,0,0
"mmu-miR-6958-3p",0,0,0,0,0,0,1,0,0,0,0,0,0,0,0,0,0,0
"mmu-miR-696",0,0,0,0,12,6,0,0,2,0,0,0,0,0,0,0,0,0
"mmu-miR-6960-5p",3,7,0,0,0,0,0,0,0,0,0,0,0,0,1,0,59,0
"mmu-miR-6963-3p",0,0,0,0,0,0,3,6,0,2,0,0,0,0,0,0,0,0
"mmu-miR-6970-3p",0,4,0,0,0,0,0,0,0,0,0,0,0,0,0,0,0,0
"mmu-miR-6970-5p",5,0,0,0,0,0,0,0,0,0,0,0,0,0,0,0,0,0
"mmu-miR-6977-3p",0,0,0,0,1,0,0,0,0,0,0,0,0,0,0,0,0,0
"mmu-miR-6977-5p",0,0,0,0,0,0,0,0,3,0,0,0,0,0,0,0,0,0
"mmu-miR-6978-3p",0,4,0,0,0,0,0,6,0,0,0,0,0,0,0,0,0,0
"mmu-miR-6979-3p",0,0,0,0,5,0,0,10,2,0,0,0,0,0,0,0,0,0
"mmu-miR-6986-5p",0,2,0,0,0,0,0,0,0,0,0,0,0,0,0,0,0,0
"mmu-miR-6988-3p",0,4,0,0,9,0,0,15,12,4,0,1,0,0,0,0,0,0
"mmu-miR-6990-5p",2,0,2,0,1,1,5,30,0,25,0,0,0,0,1,2,29,0
"mmu-miR-6991-5p",0,0,0,0,0,0,0,0,0,17,0,0,0,0,0,0,0,0
"mmu-miR-6994-5p",0,0,0,0,0,0,4,13,0,0,0,0,0,0,0,0,0,0
"mmu-miR-6995-5p",3,0,0,0,0,0,0,0,0,0,0,0,0,0,0,0,0,0
"mmu-miR-6996-5p",0,0,0,0,3,0,0,0,0,0,0,0,0,0,0,0,0,0
"mmu-miR-6997-5p",0,11,0,0,0,0,0,0,0,17,1,0,0,0,0,0,0,0
"mmu-miR-6998-5p",0,4,0,0,4,0,0,0,0,0,0,0,0,0,0,0,0,0
"mmu-miR-700-3p",0,5,7,3,10,10,6,0,0,0,3,0,0,0,3,0,46,61
"mmu-miR-700-5p",0,0,0,0,3,0,0,0,0,0,0,0,0,0,0,0,0,0
"mmu-miR-7000-3p",0,0,0,10,0,0,1,0,0,0,0,0,0,0,0,0,0,0
"mmu-miR-7009-5p",0,4,0,0,0,0,0,0,0,0,0,0,0,0,0,0,0,0
"mmu-miR-7012-5p",0,4,0,0,0,0,0,0,0,0,0,0,0,0,0,0,0,0
"mmu-miR-7013-3p",0,0,0,0,4,0,0,9,0,0,0,0,0,0,0,0,0,0
"mmu-miR-7014-5p",0,4,0,0,0,0,0,0,0,0,0,0,0,0,0,0,0,0
"mmu-miR-7015-3p",0,0,0,0,5,0,6,11,2,0,1,0,0,0,0,0,0,0
"mmu-miR-7018-3p",0,18,0,0,0,0,4,0,4,16,0,0,0,0,0,0,0,0
"mmu-miR-702-3p",0,4,0,9,0,0,2,0,0,0,0,0,0,0,0,0,0,0
"mmu-miR-702-5p",0,0,0,0,3,0,0,0,0,0,0,0,0,0,0,0,0,0
"mmu-miR-7022-3p",0,3,0,0,0,0,0,0,0,13,0,0,0,0,0,0,0,0
"mmu-miR-703",0,2,0,0,0,0,0,0,0,0,0,0,0,0,0,0,0,0
"mmu-miR-7031-5p",0,0,0,0,9,0,0,0,0,0,0,0,0,0,0,0,0,0
"mmu-miR-7032-3p",0,0,0,0,0,0,0,11,0,0,0,0,0,0,0,0,0,0
"mmu-miR-7033-5p",0,3,0,0,0,0,0,0,0,0,0,0,0,0,0,0,0,0
"mmu-miR-7035-3p",0,38,0,0,1,4,2,57,15,15,0,4,0,0,0,10,89,0
"mmu-miR-7036a-3p",0,0,0,0,10,0,0,0,0,0,0,0,0,0,0,0,0,0
"mmu-miR-7039-3p",0,0,0,0,0,0,0,10,0,0,0,0,0,0,0,0,0,0
"mmu-miR-704",2,13,7,0,0,0,8,4,3,0,0,4,0,0,0,0,0,0
"mmu-miR-7042-5p",0,4,0,0,2,17,0,0,0,0,0,0,0,0,0,0,0,0
"mmu-miR-7046-3p",0,0,0,5,0,0,0,0,5,27,0,1,0,0,0,0,0,0
"mmu-miR-7050-5p",0,0,0,0,2,0,0,0,0,0,0,0,0,0,0,0,0,0
"mmu-miR-7057-3p",0,0,0,0,0,0,3,0,0,0,0,0,0,0,0,0,0,0
"mmu-miR-7057-5p",0,4,0,0,0,0,0,8,1,0,0,0,0,0,0,0,0,0
"mmu-miR-7059-5p",0,4,0,0,8,0,0,0,0,0,0,0,0,0,0,0,0,0
"mmu-miR-706",0,0,0,9,0,0,0,0,0,0,0,0,0,0,0,0,0,0
"mmu-miR-7063-3p",0,0,0,0,0,0,2,0,0,0,0,0,0,0,0,0,0,0
"mmu-miR-7063-5p",0,2,0,0,3,0,0,0,0,0,0,0,0,0,0,0,0,0
"mmu-miR-7064-3p",0,0,0,0,0,0,0,0,0,27,0,0,0,0,0,0,0,0
"mmu-miR-7064-5p",0,9,0,0,0,0,0,0,0,0,0,0,0,0,0,0,0,0
"mmu-miR-7067-5p",1,0,0,0,0,0,0,0,0,0,0,0,0,0,0,0,0,0
"mmu-miR-7068-3p",6,22,0,4,25,0,21,65,25,46,2,2,0,0,0,18,187,76
"mmu-miR-7068-5p",0,0,0,0,0,0,1,0,3,0,0,0,0,0,0,0,0,0
"mmu-miR-7069-3p",0,2,0,5,0,0,4,0,0,0,0,0,0,0,0,0,0,0
"mmu-miR-7069-5p",0,1,0,0,0,0,0,0,0,0,0,0,0,0,0,0,0,0
"mmu-miR-7070-3p",0,0,0,0,0,0,4,1,5,0,0,0,0,0,0,0,0,0
"mmu-miR-7070-5p",0,0,0,0,9,0,0,0,0,0,0,0,0,0,0,0,0,0
"mmu-miR-7071-3p",0,0,0,0,0,0,0,0,0,0,0,1,0,0,0,0,0,0
"mmu-miR-7074-3p",0,0,0,0,0,0,0,0,0,0,0,0,0,0,1,0,0,0
"mmu-miR-708-3p",2,23,3,22,16,32,13,95,15,110,4,8,0,92,5,88,69,0
"mmu-miR-708-5p",0,3,0,0,0,4,6,0,0,0,0,0,0,0,0,0,0,0
"mmu-miR-7081-3p",0,2,0,0,0,0,0,0,0,0,0,0,0,0,0,0,0,0
"mmu-miR-7082-3p",0,21,0,2,8,0,5,38,2,10,1,0,0,0,0,0,0,0
"mmu-miR-7083-5p",0,0,0,4,0,0,0,0,0,0,0,0,0,0,0,0,0,0
"mmu-miR-7084-3p",0,5,0,0,0,0,0,0,0,0,0,0,0,0,0,0,0,0
"mmu-miR-7084-5p",8,0,0,0,0,0,0,0,0,0,0,0,0,0,0,0,0,1
"mmu-miR-7085-3p",0,1,0,0,0,0,1,13,0,0,0,0,0,0,0,0,0,0
"mmu-miR-709",0,2,0,0,10,0,2,0,9,5,0,0,0,0,0,0,0,0
"mmu-miR-7091-5p",0,0,0,9,0,0,0,0,0,0,0,0,0,0,0,0,0,0
"mmu-miR-7093-3p",0,0,0,0,3,0,0,0,0,0,0,0,0,0,0,0,0,0
"mmu-miR-7093-5p",0,0,0,0,0,0,0,5,0,0,0,0,0,0,0,0,0,0
"mmu-miR-7116-5p",0,2,0,0,0,0,0,0,0,0,0,0,0,0,0,0,0,0
"mmu-miR-7117-5p",0,7,0,0,0,0,5,0,2,0,0,0,0,0,0,0,0,0
"mmu-miR-7118-3p",0,0,0,15,0,0,0,0,0,0,0,0,0,0,0,0,0,0
"mmu-miR-712-3p",0,0,0,0,0,0,0,0,4,0,0,0,0,0,0,0,0,0
"mmu-miR-712-5p",0,6,0,0,3,0,0,10,2,3,0,0,0,0,0,4,0,0
"mmu-miR-714",0,0,0,0,0,0,0,9,2,0,0,0,0,0,0,0,0,0
"mmu-miR-7219-3p",0,1,0,0,0,0,0,0,0,20,0,0,0,0,0,0,0,0
"mmu-miR-7224-3p",3,10,3,4,0,0,4,0,0,0,0,3,0,0,0,0,0,0
"mmu-miR-7226-3p",0,0,0,14,7,0,3,0,0,0,0,1,0,0,0,0,0,0
"mmu-miR-7236-3p",0,9,0,0,10,0,7,0,0,0,0,0,0,0,0,0,0,0
"mmu-miR-7237-3p",0,0,0,0,8,0,0,0,0,0,0,0,0,0,0,0,0,0
"mmu-miR-7240-3p",1,20,0,0,1,0,4,0,0,0,0,1,0,0,0,0,0,0
"mmu-miR-7240-5p",5,49,0,0,4,29,7,17,14,0,3,2,0,25,3,9,91,0
"mmu-miR-741-3p",19,47,6,10,79,26,22,44,10,115,4,3,0,0,3,7,18,107
"mmu-miR-743b-3p",0,7,0,0,9,0,12,0,3,19,0,0,0,0,0,0,0,0
"mmu-miR-744-3p",1,20,0,0,1,0,4,19,11,4,0,0,0,0,0,0,0,0
"mmu-miR-744-5p",485,3443,591,713,2231,817,2227,3304,2042,4056,105,283,707,70,265,540,789,3595
"mmu-miR-760-3p",5,17,0,4,14,13,3,38,10,5,0,2,0,0,0,0,0,0
"mmu-miR-7648-3p",0,0,0,0,0,0,0,0,7,0,0,0,0,0,1,0,0,0
"mmu-miR-7650-5p",0,0,0,0,0,0,1,0,0,0,0,0,0,0,0,0,0,0
"mmu-miR-7652-5p",0,0,0,0,0,0,0,0,0,17,0,0,0,0,0,0,0,0
"mmu-miR-7653-3p",0,4,7,6,10,0,5,22,5,0,0,1,0,0,0,0,0,0
"mmu-miR-7655-5p",0,0,0,0,0,0,0,0,0,0,0,5,0,0,0,0,0,0
"mmu-miR-7661-3p",0,5,0,0,0,0,0,3,5,0,0,0,0,0,0,0,0,0
"mmu-miR-7667-5p",0,0,0,0,0,12,0,0,0,0,0,0,0,0,0,0,0,0
"mmu-miR-7668-3p",0,0,0,0,0,0,0,0,0,0,0,1,0,0,0,0,0,0
"mmu-miR-7668-5p",0,0,0,0,0,0,0,4,0,0,0,0,0,0,0,0,0,0
"mmu-miR-7669-3p",0,1,0,0,0,0,0,0,0,0,0,0,0,0,0,0,0,0
"mmu-miR-7670-3p",0,1,0,0,0,0,0,0,0,0,0,0,0,0,0,0,0,0
"mmu-miR-7671-3p",0,0,0,0,0,0,0,0,0,0,0,1,0,0,0,0,0,0
"mmu-miR-7673-3p",0,0,0,0,1,0,0,0,0,0,0,0,0,0,0,0,0,0
"mmu-miR-7675-3p",0,0,0,0,0,0,0,0,0,6,0,0,0,0,0,0,0,0
"mmu-miR-7676-3p",0,5,0,0,0,0,0,0,0,0,0,0,0,0,0,0,0,0
"mmu-miR-7677-3p",0,0,0,0,0,5,0,15,0,0,0,0,0,0,0,0,0,0
"mmu-miR-7680-3p",1,0,0,0,0,0,0,0,0,0,0,0,0,0,0,0,0,0
"mmu-miR-7681-5p",0,0,0,0,0,5,4,14,0,0,0,0,0,0,0,0,0,0
"mmu-miR-7687-5p",0,0,0,0,0,0,0,0,17,0,0,0,0,0,0,0,0,0
"mmu-miR-7688-5p",3,0,0,0,0,0,0,0,0,0,0,0,0,0,0,0,0,0
"mmu-miR-7689-3p",0,2,0,0,3,0,0,12,0,0,0,2,0,0,0,0,0,0
"mmu-miR-7a-1-3p",0,0,0,0,10,0,3,5,0,0,0,0,0,0,0,0,0,0
"mmu-miR-8094",0,3,0,0,0,0,11,0,0,0,0,0,0,0,0,0,0,0
"mmu-miR-8095",0,0,0,0,6,0,7,0,19,0,0,0,0,0,0,0,0,0
"mmu-miR-8097",0,10,0,0,0,0,0,9,0,0,0,0,0,0,0,0,0,0
"mmu-miR-8103",0,0,0,0,0,0,3,0,9,0,0,0,0,0,0,0,0,0
"mmu-miR-8105",0,3,0,0,0,0,0,0,0,0,0,0,0,0,0,0,0,0
"mmu-miR-8111",0,7,0,0,7,0,0,26,0,0,5,0,0,0,0,0,0,0
"mmu-miR-8112",3,37,13,7,13,0,38,29,9,29,5,2,0,0,2,0,0,0
"mmu-miR-8114",9,64,19,34,16,0,50,77,27,43,1,7,0,0,1,5,0,0
"mmu-miR-8116",0,0,0,0,0,0,0,0,0,13,0,0,0,0,0,0,0,0
"mmu-miR-8120",0,0,0,0,8,0,0,0,0,11,0,0,0,0,0,0,0,0
"mmu-miR-871-3p",61,304,22,48,278,34,136,201,164,358,10,30,385,90,37,104,199,483
"mmu-miR-871-5p",0,6,0,0,10,0,13,33,4,95,4,0,0,0,3,0,74,292
"mmu-miR-872-3p",19,212,21,89,134,83,189,244,146,195,20,9,0,0,10,66,0,88
"mmu-miR-872-5p",63,577,20,132,289,262,264,508,65,374,11,28,0,1,5,48,58,197
"mmu-miR-874-3p",7,38,0,0,4,0,5,0,10,48,0,1,0,0,1,15,0,0
"mmu-miR-874-5p",0,0,0,0,0,0,0,14,6,0,0,0,0,0,0,0,0,0
"mmu-miR-877-3p",9,76,0,44,20,4,22,131,14,86,0,6,0,0,1,0,0,0
"mmu-miR-877-5p",124,937,250,257,531,436,775,1020,974,1277,50,184,664,88,81,184,433,352
"mmu-miR-878-5p",0,0,0,0,13,0,0,0,0,0,0,0,0,0,1,0,37,0
"mmu-miR-879-5p",0,4,0,0,0,0,0,0,0,0,0,0,0,0,0,0,0,0
"mmu-miR-880-3p",0,0,0,0,6,0,0,0,0,16,0,0,0,0,0,0,0,0
"mmu-miR-881-3p",13,10,0,0,30,0,9,0,4,64,0,8,0,0,1,1,0,86
"mmu-miR-883a-5p",0,0,0,6,0,0,0,0,0,0,0,0,0,0,0,0,0,0
"mmu-miR-9-5p",0,13,0,0,22,0,12,7,9,12,2,2,184,0,4,3,50,222
"mmu-miR-92a-1-5p",11,19,0,33,5,0,31,30,22,45,5,6,0,0,0,1,0,0
"mmu-miR-92a-3p",1718,9036,1669,2620,5794,2716,5401,8894,14364,8631,236,892,1040,929,335,2000,5403,4663
"mmu-miR-92b-3p",91,558,130,250,328,129,484,1022,425,1174,31,48,156,63,63,119,612,1663
"mmu-miR-93-3p",0,32,0,68,9,0,25,0,32,0,15,0,0,0,0,0,0,41
"mmu-miR-93-5p",240,1530,225,329,815,455,1056,1401,1308,1379,36,168,125,2,125,345,568,1138
"mmu-miR-96-5p",104,204,70,92,97,41,140,102,32,215,10,22,0,0,33,261,128,0
"mmu-miR-9769-3p",0,5,0,0,0,0,1,0,3,0,0,0,0,0,0,0,96,0
"mmu-miR-98-3p",44,173,12,175,91,129,133,236,38,164,11,18,259,0,30,235,91,860
"mmu-miR-98-5p",40,385,31,34,299,80,88,415,230,220,0,43,488,0,30,107,575,803
"mmu-miR-99a-3p",0,8,0,20,0,5,14,29,0,39,0,1,0,0,8,18,0,264
"mmu-miR-99a-5p",533,6390,997,1255,3056,1001,2523,3091,2197,3540,184,273,11608,1148,983,2301,6888,25033
"mmu-miR-99b-3p",19,145,21,15,76,0,54,83,68,154,6,12,155,63,9,26,171,378
"mmu-miR-99b-5p",25605,382370,54658,44070,150178,39939,146939,227456,128572,199412,8460,16633,495089,20929,16520,85411,416392,456655
